date,description,amount
2026-10-01,Landlord Rent Payment,-15000.00
2026-10-02,Swiggy Lunch Order,-340.00
2026-10-03,Uber Ride to Office,-220.00
2026-10-04,Amazon Online Shopping,-1850.00
2026-10-05,Netflix Monthly Subscription,-649.00
2026-10-06,Electricity Bill MSEB,-1420.00
2026-10-07,Zomato Dinner,-580.00
2026-10-08,Petrol Pump Fuel Fill,-1200.00
2026-10-09,Starbucks Coffee Cafe,-450.00
2026-10-10,Flipkart Electronics Sale,-3200.00
2026-10-11,Spotify Premium Plan,-119.00
2026-10-12,Airtel Broadband Recharge,-999.00
2026-10-13,Ola Cabs Airport Travel,-650.00
2026-10-14,McDonalds Restaurant Burger Meal,-420.00
2026-10-15,Myntra Clothing Fashion Sale,-2450.00
2026-10-16,Water Bill Municipal Corp,-350.00
2026-10-17,Metro Rail Smart Card Recharge,-500.00
2026-10-18,Emergency Laptop Motherboard Repair,-28500.00
2026-10-19,Amazon Prime Video Annual,-1499.00
2026-10-20,Blinkit Groceries Quick Delivery,-780.00
2026-10-21,Jio Mobile Recharge,-299.00
2026-10-22,Cafe Coffee Day Meeting,-380.00
2026-10-23,Zepto Groceries Night Order,-460.00
2026-10-24,Fuel Station Bharat Petroleum,-800.00
2026-10-25,Local Hardware Store Lock,-415.00
